Company Name, Location, Email, Wedding, Corporate Event, Birthday Party, Sports Event, Private Party
Accelevents, "Boston, MA", info@accelevents.com, No,Yes,No,Yes,No
Eventzilla,"Dublin, OH", support@eventzilla.net, No,Yes,No,Yes,No
Hubilo,San "Francisco, CA", info@hubilo.com,No,Yes,No,No,No
Airmeet,"Palo Alto, CA", support@airmeet.com,No,Yes,No,No,No
6Connex,"San Antonio, TX", info@6connex.com,No,Yes,No,Yes,No
Eventx, "Walnut, CA", contact@eventx.io,Yes,Yes,No,No,Yes
Stova,"Chicago, IL", info@stova.io,Yes,Yes,No,No,No
EventMobi,"Toronto, Canada",sales@eventmobi.com,No,Yes,No,No,No
EventCreate,"San Francisco, CA",hello@eventcreate.com,Yes,Yes,Yes,Yes,Yes
ClickMeeting,"Wilmington, DE",support@clickmeeting.com,No,Yes,No,No,No
Eventbrite,"San Francisco, CA",help@eventbrite.com,Yes,Yes,Yes,Yes,Yes
Creative Transformation, "Akron, OH",info@creativetransformation.com,Yes,Yes,Yes,No,Yes
Mary Kenealy Events, "Sarasota, FL",info@marykenealyevents.com,Yes,Yes,Yes,No,Yes
NYLUX Events, "New York, NY",info@nyluxevents.com,Yes,Yes,Yes,No,Yes
Weathervane Playhouse, "Akron, OH",info@weathervaneplayhouse.com,No,Yes,Yes,No,Yes
Impulse Productions, "New York, NY",info@impulsenyc.com,Yes,Yes,Yes,No,Yes
Rock The House," Akron, OH",info@rthgroup.com,No,Yes,No,Yes,No
Creative Event Planning, "New York, NY",info@creativeeventplanning.com,Yes,Yes,Yes,No,Yes
Premier Photographic Events, "Miami, FL",info@premierphotographicevents.com,No,Yes,No,No,No
Bath Hollow Farm, "Akron, OH",info@bathhollowfarm.com,Yes,Yes,Yes,No,Yes
Precious Moments Events, "Sarasota, FL",info@preciousmomentseventsllc.com,Yes,Yes,Yes,No,Yes
The Event Connections, "Akron, OH",info@theeventconnections.com,Yes,Yes,Yes,No,Yes
Eventrics,"Lakeland, FL",info@eventrics.com,No,Yes,No,No,No
Noir Marketing, "Dayton, OH",info@noirmarketingandpr.com,No,Yes,No,No,No
Total Event Resources, "Chicago, IL",info@total-event.com,No,Yes,No,No,No
IMPACT365, "Chicago, IL",info@impact365.com,No,Yes,No,No,No
Revel Global Events, "Chicago, IL",info@revelglobalevents.com,Yes,Yes,Yes,No,Yes
Creative Circle Events, "Los Angeles, CA",info@creativecircle.com,Yes,Yes,Yes,No,Yes
Blue Spark Event Design, "Miami, FL",info@bluesparkeventdesign.com,Yes,Yes,Yes,No,Yes
Kehoe Designs, "Chicago, IL",info@kehoedesigns.com,Yes,Yes,Yes,No,Yes
EVENTures Inc., "Los Angeles, CA",info@eventuresinc.com,Yes,Yes,Yes,No,Yes
On The Scene Event Management, "Chicago, IL",info@onthescene.com,Yes,Yes,Yes,No,Yes
David Stark Design, "Brooklyn, NY",info@davidstarkdesign.com,Yes,Yes,Yes,No,Yes
Rafanelli Events, "Boston, MA",info@rafanellievents.com,Yes,Yes,Yes,No,Yes
Colin Cowie Celebrations, "New York, NY",info@colincowie.com,Yes,Yes,Yes,No,Yes
AOO Events, "Los Angeles, CA",info@aooevents.com,Yes,Yes,Yes,No,Yes
Mindy Weiss Party Consultants, "Beverly Hills, CA",info@mindyweiss.com,Yes,Yes,Yes,No,Yes
Yifat Oren & Associates, "Los Angeles, CA",info@yifatoren.com,Yes,Yes,Yes,No,Yes
BTS Event Management, "Scottsdale, AZ",info@btseventmanagement.com,Yes,Yes,Yes,No,Yes
Amy Atlas Events, "New York, NY",info@amyatlas.com,Yes,Yes,Yes,No,Yes
Kristin Banta Events, "Los Angeles, CA",info@kristinbanta.com,Yes,Yes,Yes,No,Yes
Marcy Blum Associates, "New York, NY",info@marcyblum.com,Yes,Yes,Yes,No,Yes
Stefanie Cove and Company, "Los Angeles, CA",info@stefaniecove.com,Yes,Yes,Yes,No,Yes
A Perfect Event, "Chicago, IL",info@aperfectevent.com,Yes,Yes,Yes,No,Yes
Firefly Events, "New York, NY",info@fireflyevents.com,Yes,Yes,Yes,No,Yes
Bash Please, "Los Angeles, CA" ,info@bashplease.com,Yes,Yes,Yes,No,Yes
Toast Santa Barbara, "Santa Barbara, CA",info@toastsantabarbara.com,Yes,Yes,Yes,No,Yes
Ang Weddings and Events, "New York, NY",info@angweddingsandevents.com,Yes,Yes,Yes,No,Yes
A Charleston Bride, "Charleston, SC",info@acharlestonbride.com,Yes,Yes,Yes,No,Yes
JZ Events, "New York, NY",info@jzevents.com,Yes,Yes,Yes,No,Yes
Evoke Design and Creative, "Washington, DC",info@evokedc.com,Yes,Yes,Yes,No,Yes