Company Name,Location,Email, Wedding,Corporate Event,Birthday Party,Sports Event,Private Party
Rida Event Management, Karachi, info@ridaevents.com, Yes,Yes,Yes,No,No
Lush Wedding & Event Planners, Lahore, lushweddingevents@gmail.com, Yes,No,No,No,Yes
Dreamweaver Event Planners, Islamabad, info@dreamweaver.com.pk, Yes,Yes,No,No,No
Ace Events, Karachi, aceevents@gmail.com, Yes,Yes,No,No,No
Innovative Events, Lahore, contact@innovativeevents.com, Yes,Yes,No,No,No
The Event Consortium, Islamabad, info@eventconsortium.com, Yes,Yes,No,No,No
Eventica,Karachi, info@eventica.com.pk, Yes,Yes,No,No,No
Event Affairs, Lahore, info@eventaffairs.com.pk, Yes,Yes,No,No,No
Mann Event Management, Islamabad, info@manneventmanagement.com, Yes,Yes,No,No,No
Royal Event Planners, Karachi, info@royaleventplanners.com, Yes,Yes,No,No,Yes
Signature Event Planners, Lahore, signatureeventplanners@gmail.com, Yes,Yes,No,No,No
The Event Maker, Islamabad, info@theeventmaker.com, Yes,Yes,No,No,No
Grandeur Event Planners, Karachi, info@grandeurevents.com, Yes,Yes,No,No,No
Celebrations Event Management, Lahore, info@celebrationseventmanagement.com, Yes,Yes,Yes,No,No
Blossom Event Planners, Islamabad, info@blossomeventplanners.com, Yes,Yes,No,No,No
Elite Event Planners, Karachi, info@eliteeventplanners.com, Yes,Yes,No,No,No
Trendz Event Management, Lahore, trendzeventmanagement@gmail.com, Yes,Yes,No,No,No
Epic Events, Islamabad, info@epicevents.com, Yes,Yes,No,No,No
Events by Alizee, Bahawalpur, eventsbyalizee@gmail.com, Yes,Yes,Yes,No,Yes
Decibel Event Management, Karachi, info@decibeleventmanagement.com, Yes,Yes,No,No,No
Spark Event Planners, Lahore, info@sparkeventplanners.com, Yes,Yes,Yes,No,No
Unique Event Planners, Islamabad, info@uniqueeventplanners.com, Yes,Yes,No,No,No
Royalty Event Planners, Karachi, info@royaltyeventplanners.com, Yes,Yes,No,No,Yes
Bliss Event Management, Lahore, info@blisseventmanagement.com, Yes,Yes,No,No,No
Galaxy Event Planners, Islamabad, info@galaxyeventplanners.com,Yes,Yes,No,No,No
Vivid Event Planners, Karachi, info@vivideventplanners.com, Yes,Yes,No,No,No
Euphoria Event Management, Lahore, info@euphoriaeventmanagement.com, Yes,Yes,Yes,No,No
Dreamland Event Planners, Islamabad, info@dreamlandeventplanners.com, Yes,Yes,No,No,No
Luxury Event Planners, Karachi, info@luxuryeventplanners.com, Yes,Yes,No,No,Yes
Prestige Event Management, Lahore, info@prestigeeventmanagement.com, Yes,Yes,No,No,No,
Majestic Event Planners, Islamabad, info@majesticeventplanners.com, Yes,Yes,No,No,No,
Prime Event Planners, Karachi, info@primeeventplanners.com, Yes,Yes,No,No,No
Harmony Event Management, Lahore, info@harmonyeventmanagement.com, Yes,Yes,Yes,No,No
Serene Event Planners, Islamabad, info@sereneeventplanners.com, Yes,Yes,No,No,No
Glitz Event Planners, Karachi, info@glitzeventplanners.com, Yes,Yes,No,No,Yes
Charm Event Management, Lahore, info@charmeventmanagement.com, Yes,Yes,No,No,No
Radiant Event Planners, Islamabad, info@radianteventplanners.com, Yes,Yes,No,No,No
Splendid Event Planners, Karachi, info@splendideventplanners.com, Yes,Yes,No,No,No
Graceful Event Management, Lahore, info@gracefuleventmanagement.com, Yes,Yes,Yes,No,No
Magnum Event Planners, Islamabad, info@magnumeventplanners.com, Yes,Yes,No,No,No,
Nexus Event Planners, Karachi, info@nexuseventplanners.com, Yes,Yes,No,No,Yes
Infinite Event Management, Lahore, info@infiniteeventmanagement.com, Yes,Yes,No,No,No
Cosmic Event Planners, Islamabad, info@cosmiceventplanners.com,Yes,Yes,No,No,No
Symphony Event Planners, Karachi, info@symphonyeventplanners.com, Yes,Yes,No,No,No
Serenity Event Management, Lahore, info@serenityeventmanagement.com, Yes,Yes,Yes,No,No
Opulent Event Planners, Islamabad, info@opulenteventplanners.com, Yes,Yes,No,No,No
Enchanted Event Planners, Karachi, info@enchantedeventplanners.com, Yes,Yes,No,No,Yes
Eventify, Islamabad, info@eventify.pk, Yes,Yes,Yes,Yes,Yes,No
Gamer Pakistan, Lahore, info@gamerpakistan.com, No,No,No,Yes,No,
Art Eye Events Planners, Karachi, info@arteye.pk, Yes,Yes,Yes,Yes,No
Meidan Sports Complex, Lahore, info@meidan.pk, No,No,No,Yes,No
Armena Sports, Sialkot, info@armenasports.com, No,No,No,Yes,No